{"cameraMode":{"drawMode":0,"name":"Shaded","section":"Shading Mode"},"sceneLighting":true,"audioPlay":false,"sceneViewState":{"showFog":true,"showMaterialUpdate":false,"showSkybox":true,"showFlares":true,"showImageEffects":true,"showParticleSystems":true},"in2DMode":false,"pivot":{"x":74.41499328613281,"y":85.39500427246094,"z":0.0},"rotation":{"x":0.0359916090965271,"y":0.0059960829094052319,"z":-0.00021595245925709605,"w":0.9993341565132141},"size":146.02284240722657,"orthographic":true}